Abrines,\xc3\x81lex
Acy,Quincy
Adams,Jordan
Adams,Steven
Afflalo,Arron
Ajinca,Alexis
Aldrich,Cole
Aldridge,LaMarcus
Alexander,Cliff
Allen,Lavoy
Allen,Tony
Aminu,Al-Farouq
Amundson,Louis
Andersen,Chris
Anderson,Alan
Anderson,James
Anderson,Justin
Anderson,Kyle
Anderson,Ryan
Andrews,Andrew
Antetokounmpo,Giannis
Anthony,Carmelo
Anthony,Joel
Arcidiacono,Ryan
Ariza,Trevor
Arthur,Darrell
Asik,Omer
Auguste,Zach
Augustin,D.J.
Avila,J.J.
Ayres,Jeff
Babbitt,Luke
Bairstow,Cameron
Baker,Ron
Bakumanya,Gracin
Baldwin IV,Wade
Barber,Anthony
Barbosa,Leandro
Barea,J.J.
Barnes,Harrison
Barnes,Matt
Barton,Will
Bass,Brandon
Batum,Nicolas
Bayless,Jerryd
Baynes,Aron
Bazemore,Kent
Beal,Bradley
Beasley,Malik
Beasley,Michael
Beech,Beau
Belinelli,Marco
Bembry,DeAndre'
Bender,Dragan
Bennett,Anthony
Benson,Keith
Bentil,Ben
Bertans,Davis
Beverley,Patrick
Biyombo,Bismack
Bjelica,Nemanja
Black,Tarik
Blake,Steve
Bledsoe,Eric
Bogdanovic,Bojan
Bogut,Andrew
Bolomboy,Joel
Bonner,Matt
Booker,Devin
Booker,Trevor
Bosh,Chris
Bradley,Avery
Brand,Elton
Brewer,Corey
Brogdon,Malcolm
Brooks,Aaron
Brown,Anthony
Brown,Bobby
Brown,Jabari
Brown,Jaylen
Brown,Lorenzo
Brown,Markel
Brussino,Nicol\xc3\xa1s
Bryant,Kobe
Budinger,Chase
Bullock,Reggie
Burke,Trey
Burks,Alec
Butler,Caron
Butler,Jimmy
Butler,Rasual
Bynum,Andrew
Bynum,Will
Caboclo,Bruno
Calder\xc3\xb3n,Jos\xc3\xa9
Caldwell-Pope,Kentavious
Canaan,Isaiah
Capela,Clint
Carroll,DeMarre
Carter,Vince
Carter-Williams,Michael
Caruso,Alex
Casspi,Omri
Cauley-Stein,Willie
Chandler,Tyson
Chandler,Wilson
Chriss,Marquese
Christmas,Rakeem
Christon,Semaj
Clark,Ian
Clarkson,Jordan
Cole,Norris
Collinsworth,Kyle
Collison,Darren
Collison,Nick
Conley,Mike
Connaughton,Pat
Cook,Elgin
Cook,Quinn
Cooke Jr.,Derek
Copeland,Chris
Cordinier,Isaia
Cornelie,Petr
Costello,Matt
Cousins,DeMarcus
Cousins,Isaiah
Cousins,Jaleel
Covington,Robert
Crabbe,Allen
Crawford,Chris
Crawford,Drew
Crawford,Jamal
Crowder,Jae
Cunningham,Dante
Curry,Seth
Curry,Stephen
Daniels,Troy
Davis,Anthony
Davis,Deyonta
Davis,Ed
Dawson,Branden
Dawson,Eric
Dawson,Shawn
Dedmon,Dewayne
Dekker,Sam
Delaney,Malcolm
Dellavedova,Matthew
Deng,Luol
DeRozan,DeMar
Diallo,Cheick
Diaw,Boris
Dieng,Gorgui
Dinwiddie,Spencer
Douglas,Toney
Dragic,Goran
Drummond,Andre
Dudley,Jared
Dukan,Duje
Duncan,Tim
Dunham,Kellen
Dunleavy,Mike
Dunn,Kris
Durant,Kevin
Early,Cleanthony
Eddie,Jarell
Ellenson,Henry
Ellington,Wayne
Ellis,Monta
Ellis,Perry
Embiid,Joel
Ennis,Tyler
Ennis III,James
Evans,Jeremy
Evans,Tyreke
Exum,Dant\xc3\xa9
Ezeli,Festus
Faried,Kenneth
Farmar,Jordan
Favors,Derrick
Felder,Kay
Felicio,Cristiano
Felton,Raymond
Fernandez,Vashil
Ferrell,Yogi
Finney-Smith,Dorian
Forbes,Bryn
Ford,Quincy
Fournier,Evan
Foye,Randy
Frazier,Tim
Freeman,Trey
Frye,Channing
Gallinari,Danilo
Galloway,Langston
Galloway,Ramon
Garino,Patricio
Garnett,Kevin
Gasol,Marc
Gasol,Pau
Gay,Rudy
Gbinije,Michael
Gee,Alonzo
George,Paul
Georges-Hunt,Marcus
Gibson,Jonathan
Gibson,Taj
Ginobili,Manu
Gobert,Rudy
Gooden,Drew
Goodwin,Archie
Gordon,Aaron
Gordon,Eric
Gortat,Marcin
Goudelock,Andrew
Graham,Treveon
Grant,Jerami
Grant,Jerian
Green,Danny
Green,Draymond
Green,Gerald
Green,JaMychal
Green,Jeff
Griffin,Blake
Gutierrez,Jorge
Hairston,P.J.
Hamilton,Daniel
Hamilton,Jordan
Hamilton,Justin
Hammons,A.J.
Hansbrough,Tyler
Hardaway Jr.,Tim
Harden,James
Harkless,Maurice
Harrell,Montrezl
Harris,Devin
Harris,Gary
Harris,Joe
Harris,Tobias
Harrison,Aaron
Harrison,Andrew
Harrison,Shaquille
Haslem,Udonis
Hawes,Spencer
Hayward,Gordon
He,Tianju
Henderson,Gerald
Henry,Xavier
Henson,John
Hernang\xc3\xb3mez,Guillermo
Hernang\xc3\xb3mez,Juancho
Heslip,Brady
Hezonja,Mario
Hibbert,Roy
Hickson,J.J.
Hield,Buddy
Hilario,Nene
Hill,George
Hill,Jordan
Hill,Solomon
Hilliard,Darrun
Hinrich,Kirk
Holiday,Jrue
Holiday,Justin
Holland,John
Hollis-Jefferson,Rondae
Holmes,Jonathan
Holmes,Richaun
Hood,Rodney
Horford,Al
Hornsby,Keith
House,Danuel
Howard,Dwight
Huertas,Marcelo
Huestis,Josh
Hummel,Robbie
Humphries,Kris
Hunter,R.J.
Hunter,Vince
Ibaka,Serge
Iguodala,Andre
Ilyasova,Ersan
Ingles,Joe
Inglis,Damien
Ingram,Brandon
Irving,Kyrie
Jack,Jarrett
Jackson,Demetrius
Jackson,Pierre
Jackson,Reggie
Jacobs,Julian
James,LeBron
Jankovic,Stefan
Jean-Charles,Livio
Jefferson,Al
Jefferson,Cory
Jefferson,Richard
Jenkins,John
Jennings,Brandon
Jerebko,Jonas
Jerrett,Grant
Jianlian,Yi
Johnson,Amir
Johnson,Brice
Johnson,Chris
Johnson,James
Johnson,Joe
Johnson,Nick
Johnson,Orlando
Johnson,Stanley
Johnson,Tyler
Johnson,Wesley
Jokic,Nikola
Jones,Cameron
Jones,Dahntay
Jones,Damian
Jones,Jalen
Jones,James
Jones,Terrence
Jones,Tyus
Jones Jr.,Derrick
Jordan,DeAndre
Joseph,Cory
Jovanovic,Nikola
Kaman,Chris
Kaminsky,Frank
Kanter,Enes
Karasev,Sergey
Kaun,Sasha
Kelly,Ryan
Kennedy,D.J.
Kidd-Gilchrist,Michael
Kilpatrick,Sean
Knight,Brandon
Korkmaz,Furkan
Korver,Kyle
Koufos,Kosta
Kuzminskas,Mindaugas
Labissiere,Skal
Lamb,Jeremy
Landry,Carl
Laprovittola,Nicol\xc3\xa1s
Larkin,Shane
Lauvergne,Joffrey
LaVine,Zach
Lawson,Ty
Layman,Jake
Lee,Courtney
Lee,Damion
Lee,David
Len,Alex
Leonard,Kawhi
Leonard,Meyers
Leuer,Jon
LeVert,Caris
Liggins,DeAndre
Lillard,Damian
Lin,Jeremy
Livingston,Shaun
Long,Shawn
Looney,Kevon
Lopez,Brook
Lopez,Robin
Love,Kevin
Lowry,Kyle
Lucas III,John
Luwawu-Cabarrot,Timoth\xc3\xa9
Lyles,Trey
Mack,Shelvin
Magette,Josh
Mahinmi,Ian
Maker,Thon
Marble,Devyn
Marjanovic,Boban
Marshall,Kendall
Martin,Jarell
Martin,Kevin
Matthews,Wesley
Mayo,O.J.
Mbah a Moute,Luc Richard
McAdoo,James Michael
McCallum,Ray
McCaw,Patrick
McClellan,Sheldon
McCollum,C.J.
McConnell,T.J.
McCullough,Chris
McDaniels,K.J.
McDermott,Doug
McGary,Mitch
McGee,JaVale
McGruder,Rodney
McLemore,Ben
McRae,Jordan
McRoberts,Josh
Meeks,Jodie
Mejri,Salah
Michineau,David
Mickey,Jordan
Middleton,Khris
Miles,C.J.
Miller,Andre
Miller,Mike
Mills,Patty
Millsap,Paul
Mirotic,Nikola
Mockevicius,Egidijus
Mohammed,Nazr
Monroe,Greg
Montero,Luis
Moore,E'Twaun
Moreira,Yanick
Moreland,Eric
Morris,Marcus
Morris,Markieff
Morrow,Anthony
Motiejunas,Donatas
Mozgov,Timofey
Mudiay,Emmanuel
Muhammad,Shabazz
Munford,Xavier
Murphy,Kevin
Murray,Dejounte
Murray,Jamal
Murry,Toure'
Muscala,Mike
Nader,Abdel
Nance Jr.,Larry
Napier,Shabazz
Ndour,Maurice
Neal,Gary
Nelson,Jameer
Neto,Raul
Niang,Georges
Nicholson,Andrew
Noah,Joakim
Noel,Nerlens
Nogueira,Lucas
Novak,Steve
Nowitzki,Dirk
Nurkic,Jusuf
O'Brien,JJ
O'Bryant III,Johnny
O'Quinn,Kyle
Ochefu,Daniel
Okafor,Jahlil
Oladipo,Victor
Olynyk,Kelly
Onuaku,Arinze
Onuaku,Chinanu
Oubre Jr.,Kelly
Pachulia,Zaza
Paige,Marcus
Papagiannis,Georgios
Parker,Jabari
Parker,Tony
Parsons,Chandler
Patterson,Lamar
Patterson,Patrick
Paul,Brandon
Paul,Chris
Payne,Adreian
Payne,Cameron
Payton,Elfrid
Payton II,Gary
Pekovic,Nikola
Perkins,Kendrick
Pierce,Paul
Pleiss,Tibor
Plumlee,Marshall
Plumlee,Mason
Plumlee,Miles
Poeltl,Jakob
Pondexter,Quincy
Porter,Otto
Portis,Bobby
Porzingis,Kristaps
Powell,Dwight
Powell,Norman
Poythress,Alex
Pressey,Phil
Price,Ronnie
Prigioni,Pablo
Prince,Taurean
Prince,Tayshaun
Qi,Zhou
Quarterman,Tim
Randle,Chasson
Randle,Julius
Randolph,Zach
Redick,J.J.
Reed,Willie
Richards,Ryan
Richardson,Josh
Richardson,Malachi
Rivers,Austin
Roberson,Andre
Roberts,Brian
Roberts,Jaleel
Robinson,Nate
Robinson,Thomas
Robinson III,Glenn
Rodr\xc3\xadguez,Sergio
Rondo,Rajon
Rose,Derrick
Ross,Terrence
Rozier,Terry
Rubio,Ricky
Rudez,Damjan
Rush,Brandon
Russell,D'Angelo
Sabonis,Domantas
Sacre,Robert
Sampson,Jakarr
Saric,Dario
Satoransky,Tomas
Schroder,Dennis
Scola,Luis
Scott,Mike
Sefolosha,Thabo
Selden Jr.,Wayne
Seraphin,Kevin
Sessions,Ramon
Shumpert,Iman
Siakam,Pascal
Simmons,Ben
Simmons,Jonathon
Sims,Henry
Singler,E.J.
Singler,Kyle
Sloan,Donald
Smart,Marcus
Smith,Greg
Smith,Ish
Smith,J.R.
Smith,Jason
Smith,Josh
Smith-Rivera,D'Vauntes
Snell,Tony
Solomon,Richard
Speights,Marreese
Splitter,Tiago
Stauskas,Nik
Stephens,D.J.
Stephenson,Lance
Stiemsma,Greg
Stokes,Jarnell
Stone,Diamond
Stone,Julyan
Stoudemire,Amar'e
Stuckey,Rodney
Sulaimon,Rasheed
Sullinger,Jared
Tarczewski,Kaleb
Tavares,Edy
Taylor,Isaiah
Teague,Jeff
Teletovic,Mirza
Temple,Garrett
Terry,Jason
Thomas,Isaiah
Thomas,Lance
Thompson,Hollis
Thompson,Jason
Thompson,Klay
Thompson,Tristan
Thornton,Marcus
Tobey,Mike
Tokoto,J.P.
Tolliver,Anthony
Toupane,Axel
Towns,Karl-Anthony
Tucker,P.J.
Turner,Evan
Turner,Myles
Udrih,Beno
Ulis,Tyler
Uthoff,Jarrod
Valanciunas,Jonas
Valentine,Denzel
VanVleet,Fred
Varejao,Anderson
Vasquez,Greivis
Vaughn,Rashad
Villanueva,Charlie
Vonleh,Noah
Vucevic,Nikola
Vujacic,Sasha
Wade,Dwyane
Waiters,Dion
Walker,Kemba
Walkup,Thomas
Wall,John
Wallace,Tyrone
Ware,Casper
Warney,Jameel
Warren,T.J.
Watson,C.J.
Wear,Travis
Webb III,James
Weber,Briante
West,David
Westbrook,Russell
White,Okaro
Whitehead,Isaiah
Whiteside,Hassan
Whittington,Shayne
Wiggins,Andrew
Wilcox,C.J.
Williams,Alan
Williams,C.J.
Williams,Deron
Williams,Derrick
Williams,Elliot
Williams,Lou
Williams,Marvin
Williams,Mo
Williams,Reggie
Williams,Troy
Wiltjer,Kyle
Winslow,Justise
Withey,Jeff
Wolters,Nate
Wood,Christian
Wood,Scott
World Peace,Metta
Wright,Brandan
Wright,Chris
Wright,Delon
Wright,Dorell
Wroten,Tony
Yabusele,Guerschon
Young,James
Young,Joe
Young,Nick
Young,Thaddeus
Zagorac,Rade
Zeisloft,Nick
Zeller,Cody
Zeller,Tyler
Zhelin,Wang
Zimmerman Jr.,Stephen
Zipser,Paul
Zizic,Ante
Zubac,Ivica
